UserId,FirstName,LastName,Gender,Email,Date Of Birth,Age,Phone Number
26f87b27-913f-4fd7-a93a-ba0420f13b3e,Astrid,Larsen,female,astrid.larsen@example.com,1947-11-14T12:26:46.886Z,73,9027282
583831bd-3957-452a-b72e-828193633cab,Eelis,Niskanen,male,eelis.niskanen@example.com,1978-10-17T18:06:42.732Z,42,06-945-067
ad29f780-ab11-41ad-8171-0fe29c0530d9,Kaya,Tekand,male,kaya.tekand@example.com,1988-04-07T20:18:29.613Z,32,(128)-173-4707
a5247bee-5bc9-4224-81c5-7b0cfdb2e229,Maren,Weinert,female,maren.weinert@example.com,1951-04-02T18:19:49.310Z,69,0942-1673876
4baf5aa8-361d-4eca-87d9-16d01ccf6329,Herculano,Souza,male,herculano.souza@example.com,1959-01-16T02:42:53.944Z,61,(12) 5628-7550
dc91ba0b-50c1-447f-b9d6-94fca276717f,Milla,Ruona,female,milla.ruona@example.com,1958-09-23T11:48:32.593Z,62,03-436-641
d23b52a7-adbf-4a45-b376-aa62a7a227c2,Orêncio,Alves,male,orencio.alves@example.com,1962-04-17T00:01:07.692Z,58,(31) 4644-3872
62ac2b78-a996-416b-a279-400717caee98,Gordon,Kelley,male,gordon.kelley@example.com,1988-04-10T23:23:35.843Z,32,0171 695 9981
feed5444-b394-458e-9371-c13b0910e090,Jerome,Stanley,male,jerome.stanley@example.com,1963-05-30T09:03:25.678Z,57,015394 28053
e8c7e2f7-e5d6-4517-9776-dc3479e304ce,Dejalme,Caldeira,male,dejalme.caldeira@example.com,1958-11-29T21:00:16.102Z,62,(70) 1217-2123
7b85bc2b-90db-4b50-a23b-c9e8ffd2f8d4,Tracey,Kelly,female,tracey.kelly@example.com,1982-10-01T20:25:50.448Z,38,01742 822007
d829be88-dff0-42d6-8fef-6cce895f0bed,Firdevs,Pigmans,female,firdevs.pigmans@example.com,1945-08-26T18:06:28.319Z,75,(696)-722-5326
9bceb9eb-be1a-4120-864c-84131b703b6d,Linnea,Lehtonen,female,linnea.lehtonen@example.com,1974-01-07T16:23:58.976Z,46,03-962-380
a2d7852e-43b4-489c-8360-1b12e6ebecb7,Elmer,Bishop,male,elmer.bishop@example.com,1957-04-07T13:57:41.094Z,63,00-0837-3591
b1437223-8967-4783-83dd-f8173957de0d,Julien,Noel,male,julien.noel@example.com,1981-11-14T21:51:36.796Z,39,05-49-70-37-58
8d6c148b-6273-4f57-b6c8-12d6a80052f9,Joris,Robert,male,joris.robert@example.com,1977-10-26T11:46:02.396Z,43,05-97-34-49-30
9e00f89d-743b-4163-bb53-6b502dbd5b4d,Ayşe,Tuğluk,female,ayse.tugluk@example.com,1977-03-06T22:01:03.367Z,43,(947)-884-2100
6923e301-6a6f-4144-8483-581eeadc9035,Rosali,Lemmen,female,rosali.lemmen@example.com,1968-09-27T10:02:38.642Z,52,(536)-443-8804
84cf0841-8b4c-4939-8b58-dd7c0c46ddb9,Oya,Solmaz,female,oya.solmaz@example.com,1981-11-14T17:53:33.500Z,39,(429)-682-0493
59a45d01-af9f-44ae-8f82-35d3322f5f83,Jack,Hall,male,jack.hall@example.com,1996-10-16T11:51:14.459Z,24,(457)-916-1856
5b705ce3-5881-4409-b114-1efa335721cc,Lucas,Montero,male,lucas.montero@example.com,1976-01-04T17:22:48.778Z,44,995-928-262
be2484f7-b023-42b3-a35c-8e9c9417c176,Isabela,Alves,female,isabela.alves@example.com,1993-06-18T16:06:59.928Z,27,(87) 4764-1458
cb698879-22e7-42ec-8fad-4d85be3eb154,Manfred,Caron,male,manfred.caron@example.com,1984-06-26T07:01:27.421Z,36,077 977 65 31
81bb5902-b74e-4340-9c69-1b58d11ffddc,Mandy,Hale,female,mandy.hale@example.com,1964-09-20T16:33:33.624Z,56,051-289-9941
7e83a3b3-6de4-44fd-b2e4-82b774416286,Carter,Gagnon,male,carter.gagnon@example.com,1944-12-18T16:17:24.227Z,76,828-178-1397
19641ddb-2cd5-441d-b47d-a6a405062fe9,Alyssa,Philippe,female,alyssa.philippe@example.com,1960-10-25T22:05:28.060Z,60,05-78-54-22-50
2e33d5bc-951b-4f61-9466-639dcee8a211,Marie,Warren,female,marie.warren@example.com,1996-03-01T11:22:21.234Z,24,04-5667-0134
bf485bab-d30b-446f-9162-71490029fac4,Felicia,Dixon,female,felicia.dixon@example.com,1995-02-05T07:23:01.407Z,25,(857)-436-0548
53a0e26a-e06e-4818-8673-b37877a91888,Ellie,Walker,female,ellie.walker@example.com,1987-02-17T08:06:02.316Z,33,(604)-324-0577
afe37c65-66b8-4c63-ba35-d01437c8bb9b,Derek,Douglas,male,derek.douglas@example.com,1977-09-02T08:35:09.942Z,43,021-849-2430
241f122c-2996-4382-a072-9d33f01d6b58,Becky,Davidson,female,becky.davidson@example.com,1949-08-29T14:28:30.730Z,71,01-2016-7306
cd5ae689-e5c4-47ca-aac7-26c4cc994ae1,Sonja,Roger,female,sonja.roger@example.com,1982-02-18T09:46:08.725Z,38,075 386 64 17
1eaf9bfb-ded6-4fb0-9b8d-7f5af35ba9dd,Leona,Durand,female,leona.durand@example.com,1978-05-27T09:56:05.896Z,42,076 987 81 69
67f50427-3e94-4571-ac9a-0369ea0ddc8d,Osmano,Santos,male,osmano.santos@example.com,1981-03-27T03:49:31.049Z,39,(59) 4175-0668
205ac759-4cf8-4691-8e7b-de74300de073,Judith,Ross,female,judith.ross@example.com,1973-05-22T01:36:11.817Z,47,071-509-0313
e18cfc63-3290-44b0-b9e9-309712d72585,Louisa,Roche,female,louisa.roche@example.com,1986-01-21T20:11:31.794Z,34,05-95-89-91-03
76de1642-3bba-432f-ab44-69c24eacb0ef,Thomas,Lee,male,thomas.lee@example.com,1953-07-04T10:53:51.481Z,67,(369)-894-8460
8f47e573-974c-4ae6-b91b-9241bf4f4d68,Eugene,Walker,male,eugene.walker@example.com,1981-04-26T17:19:46.563Z,39,(357)-741-1876
93eb5934-f8f3-4e3a-ba9e-0912bc43f33d,Valtteri,Laine,male,valtteri.laine@example.com,1979-04-06T01:22:09.326Z,41,07-879-365
1e701cee-4917-4f2d-ac56-d352e4edc7ba,Owen,Sims,male,owen.sims@example.com,1991-11-01T17:30:11.157Z,29,(387)-994-1786
78d2afdc-e5db-4a36-9290-32d906149ca7,Vicenta,Vega,female,vicenta.vega@example.com,1956-05-02T23:18:09.333Z,64,951-275-674
74b9bf8f-cb98-4529-b688-341d7a91a69f,Remedios,Lorenzo,female,remedios.lorenzo@example.com,1989-10-04T10:59:28.225Z,31,955-002-422
e19c04b3-5420-4f56-83bb-4bd90aa8bfcd,Harry,Harris,male,harry.harris@example.com,1980-09-04T05:02:05.468Z,40,(689)-423-6873
2b6464c2-8279-4fa5-bb28-58d389f3f299,Wenke,Fritz,female,wenke.fritz@example.com,1946-04-23T10:40:11.436Z,74,0651-4992607
8579b3ef-ff72-4d3a-8cf0-bc19fb624352,Selma,Larsen,female,selma.larsen@example.com,1961-06-29T04:35:20.883Z,59,48373462
c3892b76-a802-4ae2-8e1d-3d1cd15ec95f,Hazel,Davies,female,hazel.davies@example.com,1946-09-02T17:21:36.466Z,74,(208)-282-9420
d0c4e0b7-b7d8-4a0c-a7b5-be76f474b996,Emanuela,Leclerc,female,emanuela.leclerc@example.com,1958-02-11T09:49:42.237Z,62,075 098 04 01
8481dbe9-7349-408a-b5a3-04dad6182fa1,Luigi,Deschamps,male,luigi.deschamps@example.com,1974-03-14T03:29:17.897Z,46,075 606 13 95
1611d15c-7396-4e36-a15e-cdc69cddf668,Brooke,Anderson,female,brooke.anderson@example.com,1968-08-06T17:33:40.585Z,52,(816)-050-8161
fcae12a1-711c-4a74-a04a-5b679b9bc77b,Maya,Watkins,female,maya.watkins@example.com,1982-10-17T22:38:21.766Z,38,017683 39065
d1cbfe8d-e209-4bd6-a8f2-6d93cc30b30a,Angelina,Roy,female,angelina.roy@example.com,1947-05-22T07:21:43.932Z,73,05-68-98-01-51
09ab9fe7-03cb-4ca0-a547-08cbc8ea757e,Heiko,Dreher,male,heiko.dreher@example.com,1962-01-22T16:06:28.410Z,58,0474-8218156
2b0b2631-743e-4450-a134-dd6733da4a29,Willemijn,Welink,female,willemijn.welink@example.com,1960-11-14T01:56:24.094Z,60,(024)-856-6361
02841271-302a-4c41-9060-16fa1d0f6284,Ricardo,Mccoy,male,ricardo.mccoy@example.com,1978-06-26T02:49:51.266Z,42,(142)-592-0591
839ee591-dc3f-4748-968e-85ba6b030836,Hamza,Roeterdink,male,hamza.roeterdink@example.com,1951-09-26T09:49:28.924Z,69,(905)-366-2257
a62b58e8-c804-4a41-9f8d-7b33d84e1563,Vincent,Thomas,male,vincent.thomas@example.com,1983-08-14T20:22:54.877Z,37,(586)-384-9152
888ca2d7-96ba-49fb-944e-dbd29f1ebb2b,Shiva,Lubberts,female,shiva.lubberts@example.com,1964-03-03T16:42:00.417Z,56,(402)-583-4608
f1d97bd7-be3c-41c5-b0cd-c95e53f72f86,Urea,Moraes,female,urea.moraes@example.com,1968-12-05T20:59:14.269Z,52,(10) 4000-8842
9949d7e0-7131-4a6f-8c03-1113ce51c388,Emma,Patel,female,emma.patel@example.com,1972-12-02T17:42:47.622Z,48,(986)-584-2729
61684475-26ad-428e-b1b9-0abd57a95262,Keith,Gregory,male,keith.gregory@example.com,1963-12-17T11:44:53.233Z,57,(690)-941-3023
9f7c4893-b744-4586-a839-6b14824f80f0,Ümit,Mertoğlu,male,umit.mertoglu@example.com,1983-06-03T04:47:06.320Z,37,(824)-233-0853
5b719a6c-b810-41ce-8a9e-e16379ddf47a,Landon,Hunt,male,landon.hunt@example.com,1976-07-30T02:07:42.562Z,44,031-105-7279
95d4e66f-4750-48f8-a583-897552504afd,Walter,Nelson,male,walter.nelson@example.com,1955-11-18T08:01:45.382Z,65,061-550-9230
d7b0b7aa-fed6-488a-8627-e2b759660c2f,Signe,Petersen,female,signe.petersen@example.com,1963-11-07T21:56:32.437Z,57,32734597
93bdae3b-427c-43d0-a57a-fd3d9bf45e68,Emily,Young,female,emily.young@example.com,1949-07-18T06:02:28.024Z,71,542-325-8343
373229a7-d067-465a-9258-bb721ccb38be,Regina,da Costa,female,regina.dacosta@example.com,1952-12-14T14:34:04.988Z,68,(85) 8838-0202
bf518f65-0488-40cb-b306-0cb2e700343b,Maëly,Nguyen,female,maely.nguyen@example.com,1947-08-26T07:48:34.877Z,73,05-82-65-39-44
0aa47437-3565-4f37-ba2f-03b734d866e6,Ernest,Walters,male,ernest.walters@example.com,1993-09-13T11:55:36.279Z,27,071-530-8414
601f78fc-e8e2-41f1-9aef-adce598127dd,Max,Williams,male,max.williams@example.com,1950-09-06T14:47:27.222Z,70,(327)-741-1350
08aff3bd-dc02-40f0-9e05-44a0eacdd85d,Alfonso,Carrasco,male,alfonso.carrasco@example.com,1983-09-11T09:20:40.272Z,37,929-417-458
e62beab4-1449-440f-bdc5-74f96669ff2a,Deborah,Noel,female,deborah.noel@example.com,1955-09-23T02:57:30.437Z,65,079 763 99 37
6d92b20d-b2bb-4bc0-b7f9-13c99b7d6348,Isilda,Costa,female,isilda.costa@example.com,1974-02-06T02:25:22.770Z,46,(65) 0563-9989
4353aa6b-1b6c-4c7c-b417-2a0ebed2ec2c,Emilie,Lo,female,emilie.lo@example.com,1996-03-24T04:36:02.001Z,24,399-976-2394
d6099004-7435-4d21-a9a6-2f0617a51e66,Mohamed,Nicolas,male,mohamed.nicolas@example.com,1953-07-21T18:50:52.268Z,67,076 539 04 30
4e8bd824-bf31-4dec-99d9-8ce19555abd0,Maxime,Addy,male,maxime.addy@example.com,1965-04-04T05:34:09.817Z,55,648-801-0911
a917ff49-1cd4-4d58-9905-8d6e448d7797,El,Khan,male,el.khan@example.com,1968-12-19T05:34:32.732Z,52,(779)-707-7878
04fa19f2-45f7-4d5b-87a4-c1c67284590f,Emmeli,Stormyr,female,emmeli.stormyr@example.com,1957-09-27T03:43:55.343Z,63,37793332
62d9adae-b692-4910-b6db-b601c41d4d4f,Cecilie,Andersen,female,cecilie.andersen@example.com,1953-05-24T09:42:03.000Z,67,3369306
83bee610-ed17-4030-ad2c-d80b2244e724,Elsa,Robert,female,elsa.robert@example.com,1968-06-25T23:25:43.171Z,52,05-58-30-08-85
293e7ae4-06b1-4629-80b4-4e800e191915,Manuela,Martin,female,manuela.martin@example.com,1982-10-01T19:36:33.146Z,38,079 908 47 98
261dc29f-ef53-4835-bf0a-0a39fc5a9acd,Santiago,Cortes,male,santiago.cortes@example.com,1948-05-29T05:18:22.404Z,72,945-049-764
c423820f-7559-4b28-96ef-fcd5222a3ede,Mikkel,Olsen,male,mikkel.olsen@example.com,1967-10-08T19:20:13.339Z,53,54407652
bceb4d56-8534-49af-9243-7e3e2a181c2a,Iida,Hakala,female,iida.hakala@example.com,1979-12-13T14:48:59.129Z,41,03-553-100
a7117642-49eb-4f01-850c-f894c45106ba,Oliver,Lehtinen,male,oliver.lehtinen@example.com,1970-07-26T02:37:42.586Z,50,05-355-841
6b20fb8b-f3d1-4211-a7e2-56ccbf631611,Charlie,Gardner,male,charlie.gardner@example.com,1989-09-20T06:48:12.648Z,31,(176)-036-9845
5c4a7201-a567-4c34-a1fb-389f24b781df,Dominic,Rekdal,male,dominic.rekdal@example.com,1972-02-18T10:30:54.862Z,48,61131091
094ff738-a5fd-47d3-85e1-a855be8f2016,Universina,Castro,female,universina.castro@example.com,1962-09-21T16:55:58.157Z,58,(18) 4848-4203